[
	{
	"name": "name",
	"active": true,
	"identifierType": "string"
    },
    {
	"name": "lot_size",
	"active": true,
	"type": "condition",
	"valueType": "real",
	"preferenceType": "gain"
    },
    {
	"name": "nbed",
	"active": true,
	"type": "condition",
	"valueType": "enumeration",
	"domain": ["1", "2", "3", "4", "5", "6"],
	"preferenceType": "gain"
    },
    {
	"name": "nbath",
	"active": true,
	"type": "condition",
	"valueType": "enumeration",
	"domain": ["1", "2", "3", "4"],
	"preferenceType": "gain"
    },
    {
	"name": "nstoreys",
	"active": true,
	"type": "condition",
	"valueType": "enumeration",
	"domain": ["1", "2", "3", "4"],
	"preferenceType": "gain"
    },
    {
	"name": "drive",
	"active": true,
	"type": "condition",
	"valueType": "enumeration",
	"domain": ["0", "1"],
	"preferenceType": "gain"
    },
    {
	"name": "rec_room",
	"active": true,
	"type": "condition",
	"valueType": "enumeration",
	"domain": ["0", "1"],
	"preferenceType": "gain"
    },
    {
	"name": "basement",
	"active": true,
	"type": "condition",
	"valueType": "enumeration",
	"domain": ["0", "1"],
	"preferenceType": "gain"
    },
    {
	"name": "air_cond",
	"active": true,
	"type": "condition",
	"valueType": "enumeration",
	"domain": ["0", "1"],
	"preferenceType": "gain"
    },
    {
	"name": "ngarage",
	"active": true,
	"type": "condition",
	"valueType": "enumeration",
	"domain": ["0", "1", "2", "3"],
	"preferenceType": "gain"
    },
    {
	"name": "desire_loc",
	"active": true,
	"type": "condition",
	"valueType": "enumeration",
	"domain": ["0", "1"],
	"preferenceType": "gain"
    },
    {
	"name": "sale_price",
	"active": true,
	"type": "decision",
	"valueType": "enumeration",
	"domain": ["0", "1", "2", "3"],
	"preferenceType": "gain"
    }
]
